{"cameraMode":{"drawMode":0,"name":"Shaded","section":"Shading Mode"},"sceneLighting":true,"audioPlay":false,"sceneViewState":{"showFog":true,"showMaterialUpdate":false,"showSkybox":true,"showFlares":true,"showImageEffects":true,"showParticleSystems":true},"in2DMode":false,"pivot":{"x":-4.378952980041504,"y":-6.533509731292725,"z":30.457677841186525},"rotation":{"x":0.09462995082139969,"y":0.02836451679468155,"z":-0.0026958780363202097,"w":0.9951133131980896},"size":49.36259460449219,"orthographic":false}